-- phpMyAdmin SQL Dump
-- version 5.1.1
-- https://www.phpmyadmin.net/
--
-- Host: 127.0.0.1:3306
-- Generation Time: Apr 07, 2022 at 01:53 AM
-- Server version: 5.7.36
-- PHP Version: 7.4.26

SET SQL_MODE = "NO_AUTO_VALUE_ON_ZERO";
START TRANSACTION;
SET time_zone = "+00:00";


/*!40101 SET @OLD_CHARACTER_SET_CLIENT=@@CHARACTER_SET_CLIENT */;
/*!40101 SET @OLD_CHARACTER_SET_RESULTS=@@CHARACTER_SET_RESULTS */;
/*!40101 SET @OLD_COLLATION_CONNECTION=@@COLLATION_CONNECTION */;
/*!40101 SET NAMES utf8mb4 */;

--
-- Database: `blog_admin_db`
--

-- --------------------------------------------------------

--
-- Table structure for table `banner_posts`
--

DROP TABLE IF EXISTS `banner_posts`;
CREATE TABLE IF NOT EXISTS `banner_posts` (
  `id` int(10) UNSIGNED NOT NULL AUTO_INCREMENT,
  `title` int(10) UNSIGNED NOT NULL,
  `status` varchar(40) NOT NULL,
  PRIMARY KEY (`id`),
  KEY `title` (`title`)
) ENGINE=InnoDB AUTO_INCREMENT=2 DEFAULT CHARSET=utf8;

--
-- Dumping data for table `banner_posts`
--

INSERT INTO `banner_posts` (`id`, `title`, `status`) VALUES
(1, 1, 'active');

-- --------------------------------------------------------

--
-- Table structure for table `blogs`
--

DROP TABLE IF EXISTS `blogs`;
CREATE TABLE IF NOT EXISTS `blogs` (
  `id` int(10) UNSIGNED NOT NULL AUTO_INCREMENT,
  `title` varchar(190) NOT NULL,
  `tags` varchar(40) NOT NULL,
  `content` text NOT NULL,
  `photo` varchar(50) NOT NULL,
  `posted` varchar(40) NOT NULL,
  `date` date DEFAULT NULL,
  `author` varchar(40) DEFAULT NULL,
  `category` varchar(40) NOT NULL,
  PRIMARY KEY (`id`),
  KEY `category` (`category`)
) ENGINE=InnoDB AUTO_INCREMENT=12 DEFAULT CHARSET=utf8;

--
-- Dumping data for table `blogs`
--

INSERT INTO `blogs` (`id`, `title`, `tags`, `content`, `photo`, `posted`, `date`, `author`, `category`) VALUES
(1, 'Advanced Rating System', 'php,html,bootstrap,javascript', '<div>Lorem ipsum dolor sit amet, consectetur adipisicing elit, sed do eiusmod</div><div>tempor incididunt ut labore et dolore magna aliqua. Ut enim ad minim veniam,</div><div>quis nostrud exercitation ullamco laboris nisi ut aliquip ex ea commodo</div><div>consequat. Duis aute irure dolor in reprehenderit in voluptate velit esse</div><div>cillum dolore eu fugiat nulla pariatur. Excepteur sint occaecat cupidatat non</div><div>proident, sunt in culpa qui officia deserunt mollit anim id est laborum.</div>', '57497200_1649024064.png', 'publish', '2022-04-03', NULL, '7'),
(2, 'Benefits of live in this world', 'How to live if this live', '<div>Lorem ipsum dolor sit amet, consectetur adipisicing elit, sed do eiusmod</div><div>tempor incididunt ut labore et dolore magna aliqua. Ut enim ad minim veniam,</div><div>quis nostrud exercitation ullamco laboris nisi ut aliquip ex ea commodo</div><div>consequat. Duis aute irure dolor in reprehenderit in voluptate velit esse</div><div>cillum dolore eu fugiat nulla pariatur. Excepteur sint occaecat cupidatat non</div><div>proident, sunt in culpa qui officia deserunt mollit anim id est laborum.</div>', '80480700_1649014166.jpg', 'publish', '2022-04-03', 'admin', '6'),
(3, 'Crud PHP - MySQL Database', 'php,html,javascript', '<div>Lorem ipsum dolor sit amet, consectetur adipisicing elit, sed do eiusmod<span style=\"font-size: 0.857em;\">tempor incididunt ut labore et dolore magna aliqua. Ut enim ad minim veniam,</span><span style=\"font-size: 0.857em;\">quis nostrud exercitation ullamco laboris nisi ut aliquip ex ea commodo</span><span style=\"font-size: 0.857em;\">consequat. Duis aute irure dolor in reprehenderit in voluptate velit esse</span><span style=\"font-size: 0.857em;\">cillum dolore eu fugiat nulla pariatur. Excepteur sint occaecat cupidatat non</span><span style=\"font-size: 0.857em;\">proident, sunt in culpa qui officia deserunt mollit anim id est laborum.</span></div>', '78273000_1649038912.png', 'publish', '2022-04-03', 'admin', '7'),
(4, 'Responsive Blog Html5 CSS3', 'html,bootstrap,javascript,css', '<span style=\"font-size: 12.855px;\">Lorem ipsum dolor sit amet, consectetur adipisicing elit, sed do eiusmod</span><span style=\"font-size: 0.857em;\">tempor incididunt ut labore et dolore magna aliqua. Ut enim ad minim veniam,</span><span style=\"font-size: 0.857em;\">quis nostrud exercitation ullamco laboris nisi ut aliquip ex ea commodo</span><span style=\"font-size: 0.857em;\">consequat. Duis aute irure dolor in reprehenderit in voluptate velit esse</span><span style=\"font-size: 0.857em;\">cillum dolore eu fugiat nulla pariatur. Excepteur sint occaecat cupidatat non</span><span style=\"font-size: 0.857em;\">proident, sunt in culpa qui officia deserunt mollit anim id est laborum.</span><span style=\"font-size: 12.855px;\">Lorem ipsum dolor sit amet, consectetur adipisicing elit, sed do eiusmod</span><span style=\"font-size: 0.857em;\">tempor incididunt ut labore et dolore magna aliqua. Ut enim ad minim veniam,</span><span style=\"font-size: 0.857em;\">quis nostrud exercitation ullamco laboris nisi ut aliquip ex ea commodo</span><span style=\"font-size: 0.857em;\">consequat. Duis aute irure dolor in reprehenderit in voluptate velit esse</span><span style=\"font-size: 0.857em;\">cillum dolore eu fugiat nulla pariatur. Excepteur sint occaecat cupidatat non</span><span style=\"font-size: 0.857em;\">proident, sunt in culpa qui officia deserunt mollit anim id est laborum.</span><br>', '07085600_1649039048.png', 'publish', '2022-04-03', 'admin', '8'),
(5, 'Blog Layout', 'html,css', '<div>Lorem ipsum dolor sit amet, consectetur adipisicing elit, sed do eiusmod<span style=\"font-size: 0.857em;\">tempor incididunt ut labore et dolore magna aliqua. Ut enim ad minim veniam,</span><span style=\"font-size: 0.857em;\">quis nostrud exercitation ullamco laboris nisi ut aliquip ex ea commodo</span><span style=\"font-size: 0.857em;\">consequat. Duis aute irure dolor in reprehenderit in voluptate velit esse</span><span style=\"font-size: 0.857em;\">cillum dolore eu fugiat nulla pariatur. Excepteur sint occaecat cupidatat non</span><span style=\"font-size: 0.857em;\">proident, sunt in culpa qui officia deserunt mollit anim id est laborum.</span></div>', '94042200_1649039144.png', 'publish', '2022-04-03', 'Jimdel-Edu', '8'),
(6, 'Advanced Comment System', 'php,html,javscript,css', '<div>Lorem ipsum dolor sit amet, consectetur adipisicing elit, sed do eiusmod<span style=\"font-size: 0.857em;\">tempor incididunt ut labore et dolore magna aliqua. Ut enim ad minim veniam,</span><span style=\"font-size: 0.857em;\">quis nostrud exercitation ullamco laboris nisi ut aliquip ex ea commodo</span><span style=\"font-size: 0.857em;\">consequat. Duis aute irure dolor in reprehenderit in voluptate velit esse</span><span style=\"font-size: 0.857em;\">cillum dolore eu fugiat nulla pariatur. Excepteur sint occaecat cupidatat non</span><span style=\"font-size: 0.857em;\">proident, sunt in culpa qui officia deserunt mollit anim id est laborum.</span><span style=\"font-size: 11.0167px;\">Lorem ipsum dolor sit amet, consectetur adipisicing elit, sed do eiusmod</span><span style=\"font-size: 11.0167px;\">tempor incididunt ut labore et dolore magna aliqua. Ut enim ad minim veniam,</span><span style=\"font-size: 11.0167px;\">quis nostrud exercitation ullamco laboris nisi ut aliquip ex ea commodo</span><span style=\"font-size: 11.0167px;\">consequat. Duis aute irure dolor in reprehenderit in voluptate velit esse</span><span style=\"font-size: 11.0167px;\">cillum dolore eu fugiat nulla pariatur. Excepteur sint occaecat cupidatat non</span><span style=\"font-size: 11.0167px;\">proident, sunt in culpa qui officia deserunt mollit anim id est laborum.</span></div>', '89297900_1649039229.png', 'publish', '2022-04-03', 'jimdel', '7'),
(7, 'Email On Form Submission', 'php,html,css', '<strong style=\"margin: 0px; padding: 0px; color: rgb(0, 0, 0); font-family: &quot;Open Sans&quot;, Arial, sans-serif; font-size: 14px; text-align: justify;\">Lorem Ipsum</strong><span style=\"color: rgb(0, 0, 0); font-family: &quot;Open Sans&quot;, Arial, sans-serif; font-size: 14px; text-align: justify;\">&nbsp;is simply dummy text of the printing and typesetting industry. Lorem Ipsum has been the industry\'s standard dummy text ever since the 1500s, when an unknown printer took a galley of type and scrambled it to make a type specimen book.&nbsp;</span><span style=\"color: rgb(0, 0, 0); font-family: &quot;Open Sans&quot;, Arial, sans-serif; font-size: 14px; text-align: justify;\">It is a long established fact that a reader will be distracted by the readable content of a page when looking at its layout. The point of using Lorem Ipsum is that it has a more-or-less normal distribution of letters, as opposed to using \'Content here, content here\', making it look like readable English.&nbsp;</span><span style=\"color: rgb(0, 0, 0); font-family: &quot;Open Sans&quot;, Arial, sans-serif; font-size: 14px; text-align: justify;\">There are many variations of passages of Lorem Ipsum available, but the majority have suffered alteration in some form, by injected humour, or randomised words which don\'t look even slightly believable</span>', '84604700_1649039402.png', 'publish', '2022-03-15', 'test02', '7'),
(8, 'Search Box Using Javascript', 'javascript,html,css', '<span style=\"color: rgb(0, 0, 0); font-family: &quot;Open Sans&quot;, Arial, sans-serif; font-size: 14px; text-align: justify;\">There are many variations of passages of Lorem Ipsum available, but the majority have suffered alteration in some form, by injected humour, or randomised words which don\'t look even slightly believable.&nbsp;</span><span style=\"color: rgb(0, 0, 0); font-family: &quot;Open Sans&quot;, Arial, sans-serif; font-size: 14px; text-align: justify;\">Contrary to popular belief, Lorem Ipsum is not simply random text. It has roots in a piece of classical Latin literature from 45 BC, making it over 2000 years old. Richard McClintock, a Latin professor at Hampden-Sydney College in Virginia, looked up one of the more obscure Latin words, consectetur, from a Lorem Ipsum passage, and going through the cites of the word in classical literature, discovered the undoubtable source.</span><br>', '57866500_1649039566.png', 'publish', '2022-04-04', 'admin', '9'),
(9, 'Upload Videos To Database', 'php,html,css', '<span style=\"color: rgb(0, 0, 0); font-family: &quot;Open Sans&quot;, Arial, sans-serif; font-size: 14px; text-align: justify;\">Contrary to popular belief, Lorem Ipsum is not simply random text. It has roots in a piece of classical Latin literature from 45 BC, making it over 2000 years old. Richard McClintock, a Latin professor at Hampden-Sydney College in Virginia, looked up one of the more obscure Latin words, consectetur, from a Lorem Ipsum passage, and going through the cites of the word in classical literature, discovered the undoubtable source.</span><br><div><span style=\"color: rgb(0, 0, 0); font-family: &quot;Open Sans&quot;, Arial, sans-serif; font-size: 14px; text-align: justify;\">Contrary to popular belief, Lorem Ipsum is not simply random text. It has roots in a piece of classical Latin literature from 45 BC, making it over 2000 years old. Richard McClintock, a Latin professor at Hampden-Sydney College in Virginia, looked up one of the more obscure Latin words, consectetur, from a Lorem Ipsum passage, and going through the cites of the word in classical literature, discovered the undoubtable source.</span><span style=\"color: rgb(0, 0, 0); font-family: &quot;Open Sans&quot;, Arial, sans-serif; font-size: 14px; text-align: justify;\"><br></span></div>', '85707800_1649039764.png', 'publish', '2022-04-04', 'admin', '7'),
(10, 'My Logo', 'logo', 'Lorem ipsum dolor sit amet, consectetur adipiscing elit, sed do eiusmod \r\ntempor incididunt ut labore et dolore magna aliqua. Ut enim ad minim \r\nveniam, quis nostrud exercitation ullamco laboris nisi ut aliquip ex ea \r\ncommodo consequat. Duis aute irure dolor in reprehenderit in voluptate \r\nvelit esse cillum dolore eu fugiat nulla pariatur. Excepteur sint \r\noccaecat cupidatat non proident, sunt in culpa qui officia deserunt \r\nmollit anim id est laborum.', '80654000_1649295736.jpg', 'publish', '2022-04-04', 'admin', '3'),
(11, 'System Advanced Cart', 'php,html,javascript,css', 'Lorem ipsum dolor sit amet, consectetur adipiscing elit, sed do eiusmod \r\ntempor incididunt ut labore et dolore magna aliqua. Ut enim ad minim \r\nveniam, quis nostrud exercitation ullamco laboris nisi ut aliquip ex ea \r\ncommodo consequat. Duis aute irure dolor in reprehenderit in voluptate \r\nvelit esse cillum dolore eu fugiat nulla pariatur. Excepteur sint \r\noccaecat cupidatat non proident, sunt in culpa qui officia deserunt \r\nmollit anim id est laborum. Lorem ipsum dolor sit amet, consectetur adipiscing elit, sed do eiusmod \r\ntempor incididunt ut labore et dolore magna aliqua. Ut enim ad minim \r\nveniam, quis nostrud exercitation ullamco laboris nisi ut aliquip ex ea \r\ncommodo consequat. Duis aute irure dolor in reprehenderit in voluptate \r\nvelit esse cillum dolore eu fugiat nulla pariatur. Excepteur sint \r\noccaecat cupidatat non proident, sunt in culpa qui officia deserunt \r\nmollit anim id est laborum. Lorem ipsum dolor sit amet, consectetur adipiscing elit, sed do eiusmod \r\ntempor incididunt ut labore et dolore magna aliqua. Ut enim ad minim \r\nveniam, quis nostrud exercitation ullamco laboris nisi ut aliquip ex ea \r\ncommodo consequat. Duis aute irure dolor in reprehenderit in voluptate \r\nvelit esse cillum dolore eu fugiat nulla pariatur. Excepteur sint \r\noccaecat cupidatat non proident, sunt in culpa qui officia deserunt \r\nmollit anim id est laborum.', '14679200_1649296219.jpg', 'publish', '2022-04-04', 'admin', '7');

-- --------------------------------------------------------

--
-- Table structure for table `blog_categories`
--

DROP TABLE IF EXISTS `blog_categories`;
CREATE TABLE IF NOT EXISTS `blog_categories` (
  `id` int(10) UNSIGNED NOT NULL AUTO_INCREMENT,
  `name` varchar(40) NOT NULL,
  PRIMARY KEY (`id`)
) ENGINE=InnoDB AUTO_INCREMENT=11 DEFAULT CHARSET=utf8;

--
-- Dumping data for table `blog_categories`
--

INSERT INTO `blog_categories` (`id`, `name`) VALUES
(3, 'offers'),
(4, 'promotion'),
(5, 'devices'),
(6, 'entertainment'),
(7, 'PHP Code'),
(8, 'Html Code'),
(9, 'Javascript'),
(10, 'C#');

-- --------------------------------------------------------

--
-- Table structure for table `editors_choice`
--

DROP TABLE IF EXISTS `editors_choice`;
CREATE TABLE IF NOT EXISTS `editors_choice` (
  `id` int(10) UNSIGNED NOT NULL AUTO_INCREMENT,
  `blog` int(10) UNSIGNED NOT NULL,
  PRIMARY KEY (`id`),
  KEY `blog` (`blog`)
) ENGINE=InnoDB AUTO_INCREMENT=3 DEFAULT CHARSET=utf8;

--
-- Dumping data for table `editors_choice`
--

INSERT INTO `editors_choice` (`id`, `blog`) VALUES
(2, 3),
(1, 4);

-- --------------------------------------------------------

--
-- Table structure for table `links`
--

DROP TABLE IF EXISTS `links`;
CREATE TABLE IF NOT EXISTS `links` (
  `id` int(10) UNSIGNED NOT NULL AUTO_INCREMENT,
  `facebook` varchar(40) DEFAULT NULL,
  `twitter` varchar(40) DEFAULT NULL,
  `googleplus` varchar(40) DEFAULT NULL,
  `pinterest` varchar(40) DEFAULT NULL,
  `dribble` varchar(40) DEFAULT NULL,
  `comments_script` text,
  `sharing_script` text,
  `javascript` text,
  PRIMARY KEY (`id`)
) ENGINE=InnoDB AUTO_INCREMENT=2 DEFAULT CHARSET=utf8;

--
-- Dumping data for table `links`
--

INSERT INTO `links` (`id`, `facebook`, `twitter`, `googleplus`, `pinterest`, `dribble`, `comments_script`, `sharing_script`, `javascript`) VALUES
(1, 'http://www.facebook.com', 'http://www.twitter.com', 'http://www.plus.google.com', 'http://www.pinterest.com', 'http://www.dribble.com', '<div class=\"fb-comments container\" data-href=\"http://www.uoecu.org/newsview.php?id=<?php echo $row[\'id\'];?>\" data-numposts=\"20\" width=\"100%\"></div>', '<div class=\"addthis_sharing_toolbox\"></div>', '<script>(function(d, s, id) {\r\n		var js, fjs = d.getElementsByTagName(s)[0];\r\n		if (d.getElementById(id)) return;\r\n		js = d.createElement(s); js.id = id;\r\n		js.src = \'https://connect.facebook.net/en_US/sdk.js#xfbml=1&version=v2.11&appId=298807240601869\';\r\n		fjs.parentNode.insertBefore(js, fjs);\r\n	}(document, \'script\', \'facebook-jssdk\'));</script>\r\n<script type=\"text/javascript\" src=\"//s7.addthis.com/js/300/addthis_widget.js#pubid=ra-57587edcb1479678\"></script>');

-- --------------------------------------------------------

--
-- Table structure for table `membership_grouppermissions`
--

DROP TABLE IF EXISTS `membership_grouppermissions`;
CREATE TABLE IF NOT EXISTS `membership_grouppermissions` (
  `permissionID` int(10) UNSIGNED NOT NULL AUTO_INCREMENT,
  `groupID` int(11) DEFAULT NULL,
  `tableName` varchar(100) DEFAULT NULL,
  `allowInsert` tinyint(4) DEFAULT NULL,
  `allowView` tinyint(4) NOT NULL DEFAULT '0',
  `allowEdit` tinyint(4) NOT NULL DEFAULT '0',
  `allowDelete` tinyint(4) NOT NULL DEFAULT '0',
  PRIMARY KEY (`permissionID`)
) ENGINE=InnoDB AUTO_INCREMENT=37 DEFAULT CHARSET=utf8;

--
-- Dumping data for table `membership_grouppermissions`
--

INSERT INTO `membership_grouppermissions` (`permissionID`, `groupID`, `tableName`, `allowInsert`, `allowView`, `allowEdit`, `allowDelete`) VALUES
(1, 2, 'titles', 1, 3, 3, 3),
(2, 2, 'links', 1, 3, 3, 3),
(3, 2, 'blog_categories', 1, 3, 3, 3),
(4, 2, 'blogs', 1, 3, 3, 3),
(5, 2, 'banner_posts', 1, 3, 3, 3),
(6, 2, 'editors_choice', 1, 3, 3, 3),
(32, 3, 'titles', 0, 0, 0, 0),
(33, 3, 'links', 0, 0, 0, 0),
(34, 3, 'blog_categories', 0, 3, 0, 0),
(35, 3, 'blogs', 1, 1, 1, 1),
(36, 3, 'editors_choice', 0, 0, 0, 0);

-- --------------------------------------------------------

--
-- Table structure for table `membership_groups`
--

DROP TABLE IF EXISTS `membership_groups`;
CREATE TABLE IF NOT EXISTS `membership_groups` (
  `groupID` int(10) UNSIGNED NOT NULL AUTO_INCREMENT,
  `name` varchar(20) DEFAULT NULL,
  `description` text,
  `allowSignup` tinyint(4) DEFAULT NULL,
  `needsApproval` tinyint(4) DEFAULT NULL,
  PRIMARY KEY (`groupID`)
) ENGINE=InnoDB AUTO_INCREMENT=4 DEFAULT CHARSET=utf8;

--
-- Dumping data for table `membership_groups`
--

INSERT INTO `membership_groups` (`groupID`, `name`, `description`, `allowSignup`, `needsApproval`) VALUES
(1, 'anonymous', 'Anonymous group created automatically on 2018-04-26', 0, 0),
(2, 'Admins', 'Admin group created automatically on 2018-04-26', 0, 1),
(3, 'authors', 'contains all the guest authors', 1, 0);

-- --------------------------------------------------------

--
-- Table structure for table `membership_userpermissions`
--

DROP TABLE IF EXISTS `membership_userpermissions`;
CREATE TABLE IF NOT EXISTS `membership_userpermissions` (
  `permissionID` int(10) UNSIGNED NOT NULL AUTO_INCREMENT,
  `memberID` varchar(20) NOT NULL,
  `tableName` varchar(100) DEFAULT NULL,
  `allowInsert` tinyint(4) DEFAULT NULL,
  `allowView` tinyint(4) NOT NULL DEFAULT '0',
  `allowEdit` tinyint(4) NOT NULL DEFAULT '0',
  `allowDelete` tinyint(4) NOT NULL DEFAULT '0',
  PRIMARY KEY (`permissionID`)
) ENGINE=InnoDB DEFAULT CHARSET=utf8;

-- --------------------------------------------------------

--
-- Table structure for table `membership_userrecords`
--

DROP TABLE IF EXISTS `membership_userrecords`;
CREATE TABLE IF NOT EXISTS `membership_userrecords` (
  `recID` bigint(20) UNSIGNED NOT NULL AUTO_INCREMENT,
  `tableName` varchar(100) DEFAULT NULL,
  `pkValue` varchar(255) DEFAULT NULL,
  `memberID` varchar(20) DEFAULT NULL,
  `dateAdded` bigint(20) UNSIGNED DEFAULT NULL,
  `dateUpdated` bigint(20) UNSIGNED DEFAULT NULL,
  `groupID` int(11) DEFAULT NULL,
  PRIMARY KEY (`recID`),
  UNIQUE KEY `tableName_pkValue` (`tableName`,`pkValue`),
  KEY `pkValue` (`pkValue`),
  KEY `tableName` (`tableName`),
  KEY `memberID` (`memberID`),
  KEY `groupID` (`groupID`)
) ENGINE=InnoDB AUTO_INCREMENT=27 DEFAULT CHARSET=utf8;

--
-- Dumping data for table `membership_userrecords`
--

INSERT INTO `membership_userrecords` (`recID`, `tableName`, `pkValue`, `memberID`, `dateAdded`, `dateUpdated`, `groupID`) VALUES
(1, 'titles', '1', 'admin', 1524766759, 1649296141, 2),
(2, 'links', '1', 'admin', 1524766827, 1524878963, 2),
(5, 'blog_categories', '3', 'admin', 1524773931, 1524773931, 2),
(6, 'blog_categories', '4', 'admin', 1524773941, 1524773941, 2),
(7, 'blog_categories', '5', 'admin', 1524773974, 1524773974, 2),
(8, 'blogs', '1', 'admin', 1524778647, 1649024064, 2),
(9, 'banner_posts', '1', 'admin', 1524779492, 1524779492, 2),
(10, 'blogs', '2', 'admin', 1524780270, 1649014178, 2),
(11, 'blogs', '3', 'admin', 1524780339, 1649038912, 2),
(12, 'blogs', '4', 'admin', 1524790853, 1649039048, 2),
(13, 'editors_choice', '1', 'admin', 1524799889, 1524799889, 2),
(14, 'editors_choice', '2', 'admin', 1524799903, 1524799903, 2),
(15, 'blogs', '5', '', 1524856026, 1649039145, 3),
(16, 'blogs', '6', '', 1524856225, 1649039229, 3),
(17, 'blog_categories', '6', '', 1524858044, 1524858044, 3),
(18, 'blogs', '7', 'test02', 1647297728, 1649039402, 3),
(19, 'blog_categories', '7', 'admin', 1649014593, 1649014593, 2),
(20, 'blog_categories', '8', 'admin', 1649014603, 1649014603, 2),
(21, 'blog_categories', '9', 'admin', 1649014618, 1649014618, 2),
(22, 'blog_categories', '10', 'admin', 1649014625, 1649014625, 2),
(23, 'blogs', '8', 'admin', 1649039566, 1649039566, 2),
(24, 'blogs', '9', 'admin', 1649039764, 1649039764, 2),
(25, 'blogs', '10', 'admin', 1649042739, 1649295736, 2),
(26, 'blogs', '11', 'admin', 1649042912, 1649296219, 2);

-- --------------------------------------------------------

--
-- Table structure for table `membership_users`
--

DROP TABLE IF EXISTS `membership_users`;
CREATE TABLE IF NOT EXISTS `membership_users` (
  `memberID` varchar(20) NOT NULL,
  `passMD5` varchar(40) DEFAULT NULL,
  `email` varchar(100) DEFAULT NULL,
  `signupDate` date DEFAULT NULL,
  `groupID` int(10) UNSIGNED DEFAULT NULL,
  `isBanned` tinyint(4) DEFAULT NULL,
  `isApproved` tinyint(4) DEFAULT NULL,
  `custom1` text,
  `custom2` text,
  `custom3` text,
  `custom4` text,
  `comments` text,
  `pass_reset_key` varchar(100) DEFAULT NULL,
  `pass_reset_expiry` int(10) UNSIGNED DEFAULT NULL,
  PRIMARY KEY (`memberID`),
  KEY `groupID` (`groupID`)
) ENGINE=InnoDB DEFAULT CHARSET=utf8;

--
-- Dumping data for table `membership_users`
--

INSERT INTO `membership_users` (`memberID`, `passMD5`, `email`, `signupDate`, `groupID`, `isBanned`, `isApproved`, `custom1`, `custom2`, `custom3`, `custom4`, `comments`, `pass_reset_key`, `pass_reset_expiry`) VALUES
('admin', '1c9885ca5bcac23afb5836a6c2976c1d', 'myresponsiveblog@gmail.com', '2022-04-03', 2, 0, 1, NULL, NULL, NULL, NULL, 'Admin member created automatically on 2018-04-26\nRecord updated automatically on 2018-04-27\nRecord updated automatically on 2022-04-03', NULL, NULL),
('guest', NULL, NULL, '2022-04-04', 1, 0, 1, NULL, NULL, NULL, NULL, 'Anonymous member created automatically on 2022-04-04', NULL, NULL);

-- --------------------------------------------------------

--
-- Table structure for table `page_hits`
--

DROP TABLE IF EXISTS `page_hits`;
CREATE TABLE IF NOT EXISTS `page_hits` (
  `page` varchar(255) NOT NULL,
  `count` int(11) DEFAULT NULL,
  PRIMARY KEY (`page`)
) ENGINE=InnoDB DEFAULT CHARSET=latin1;

--
-- Dumping data for table `page_hits`
--

INSERT INTO `page_hits` (`page`, `count`) VALUES
('Advanced Rating System', 1),
('Love everyone', 5),
('Why living in this world', 9),
('Blog Layout', 4),
('Crud PHP - MySQL Database', 4),
('Email On Form Submission', 3),
('How to handle Procrastination', 5),
('My Logo', 3),
('Blog and content', 1),
('Responsive Blog Html5 CSS3', 4),
('Search Box Using Javascript', 4),
('Summer Flower', 7),
('System Advanced Cart', 2),
('The challanges of being a writter', 7),
('The web changing era', 23),
('The art of giving', 23),
('Upload Videos To Database', 3),
('Live well in this world', 3);

-- --------------------------------------------------------

--
-- Table structure for table `titles`
--

DROP TABLE IF EXISTS `titles`;
CREATE TABLE IF NOT EXISTS `titles` (
  `id` int(10) UNSIGNED NOT NULL AUTO_INCREMENT,
  `website_name` varchar(40) DEFAULT NULL,
  `tagline` varchar(40) DEFAULT NULL,
  `icon` varchar(40) DEFAULT NULL,
  `keywords` varchar(220) DEFAULT NULL,
  `short_description` varchar(200) DEFAULT NULL,
  `bannertext1` varchar(150) DEFAULT NULL,
  `bannertext2` varchar(150) DEFAULT NULL,
  `bannertext3` varchar(150) DEFAULT NULL,
  `bannertext4` varchar(150) DEFAULT NULL,
  `detailed_description` text,
  `address` varchar(40) DEFAULT NULL,
  `email` varchar(80) DEFAULT NULL,
  `phone` varchar(40) DEFAULT NULL,
  `googlemap` varchar(255) DEFAULT NULL,
  PRIMARY KEY (`id`)
) ENGINE=InnoDB AUTO_INCREMENT=2 DEFAULT CHARSET=utf8;

--
-- Dumping data for table `titles`
--

INSERT INTO `titles` (`id`, `website_name`, `tagline`, `icon`, `keywords`, `short_description`, `bannertext1`, `bannertext2`, `bannertext3`, `bannertext4`, `detailed_description`, `address`, `email`, `phone`, `googlemap`) VALUES
(1, 'J-Responsive Blog', 'RESPONSIVE BLOG', '21593900_1649296141.jpg', 'blog,tech blog,tricks,hacks,technology news,fantastic blog', 'This is blog is amazing and full of content. Lorem Ipsum is simply dummy text of the printing and typesetting industry.', 'Create a lifestyle <span>you desire</span>', 'Engaging Purposeful <span>and Creative</span>', 'Create the lifestyle <span>you desire</span>', 'Engaging Purposeful <span>and Creative</span>', 'This  blog is amazing and full of content. Lorem Ipsum is simply dummy text of the printing and typesetting industry. Lorem Ipsum has been the industry\'s standard dummy text ever since the 1500s, when an unknown printer took a galley of type and scrambled it to make a type specimen book. There are many variations of passages of Lorem Ipsum available, but the majority have suffered alteration in some form, by injected humour, or randomised words which don\'t look even slightly believable.', 'Some Places, America', 'info@fantasticblog.com', '2224445566', 'https://www.google.com/maps/embed?pb=!1m18!1m12!1m3!1d100949.24429313939!2d-122.44206553967531!3d37.75102885910819!2m3!1f0!2f0!3f0!3m2!1i1024!2i768!4f13.1!3m3!1m2!1s0x80859a6d00690021%3A0x4a501367f076adff!2sSan+Francisco%2C+CA%2C+USA!5e0!3m2!1sen!2sin!4v1');

-- --------------------------------------------------------

--
-- Table structure for table `visitor_info`
--

DROP TABLE IF EXISTS `visitor_info`;
CREATE TABLE IF NOT EXISTS `visitor_info` (
  `id` int(11) NOT NULL AUTO_INCREMENT,
  `ip_address` varchar(255) DEFAULT NULL,
  `user_agent` varchar(255) DEFAULT NULL,
  `time_accessed` timestamp NOT NULL DEFAULT CURRENT_TIMESTAMP,
  PRIMARY KEY (`id`)
) ENGINE=InnoDB AUTO_INCREMENT=112 DEFAULT CHARSET=latin1;

--
-- Dumping data for table `visitor_info`
--

INSERT INTO `visitor_info` (`id`, `ip_address`, `user_agent`, `time_accessed`) VALUES
(1, '::1', 'Mozilla/5.0 (Windows NT 10.0; Win64; x64) AppleWebKit/537.36 (KHTML, like Gecko) Chrome/66.0.3359.117 Safari/537.36', '2018-04-27 16:26:52');


/*!40101 SET CHARACTER_SET_CLIENT=@OLD_CHARACTER_SET_CLIENT */;
/*!40101 SET CHARACTER_SET_RESULTS=@OLD_CHARACTER_SET_RESULTS */;
/*!40101 SET COLLATION_CONNECTION=@OLD_COLLATION_CONNECTION */;
